AppSheet_Item_ID,AppSheet_Item_Name,Clean Name,Name Key
0087,mr.bite strike,mr.bite strike,mrbitestrike
0086,Mrbeast,mrbeast,mrbeast
0083,Doritos real,doritos real,doritosreal
0082,L suntop,l suntop,lsuntop
0081,Smsm,smsm,smsm
0080,Yasmin Penuts,yasmin penuts,yasminpenuts
0079,Yasmin Almonds,yasmin almonds,yasminalmonds
0078,Mulino Cookis,mulino cookis,mulinocookis
0077,Saminsa,saminsa,saminsa
0076,koren Indomie,koren indomie,korenindomie
0075,Twix ex,twix ex,twixex
0074,HiPro,hipro,hipro
0073,Rani,rani,rani
0072,Roshetto,roshetto,roshetto
0071,MrCrunch-RingGo,mrcrunch-ringgo,mrcrunchringgo
0070,Indomie,indomie,indomie
0069,ToraBika capp,torabika capp,torabikacapp
0067,Nuts,nuts,nuts
0065,Dallas juice,dallas juice,dallasjuice
0064,SunTop Almarai Strawberry,suntop almarai strawberry,suntopalmaraistrawberry
0063,PopCorn Chocolate,popcorn chocolate,popcornchocolate
0062,Jannaty,jannaty,jannaty
0061,Prime,prime,prime
0060,zigi marinated peanuts,zigi marinated peanuts,zigimarinatedpeanuts
0059,Toren Dark Chocolate,toren dark chocolate,torendarkchocolate
0058,Today Chocolate,today chocolate,todaychocolate
0057,ifruit juice,ifruit juice,ifruitjuice
0056,Bourbon biscuit,bourbon biscuit,bourbonbiscuit
0055,Tropia,tropia,tropia
0054,Mirinda apple,mirinda apple,mirindaapple
0053,7up,7up,7up
0052,MR Crunch cheese,mr crunch cheese,mrcrunchcheese
0051,Justo Drink,justo drink,justodrink
0050,Ivsar water,ivsar water,ivsarwater
0049,Haribo,haribo,haribo
0048,Kinder bueno1stick,kinder bueno1stick,kinderbueno1stick
0046,Chocolate Drink,chocolate drink,chocolatedrink
0045,Natural Grape,natural grape,naturalgrape
0044,Caser Juice,caser juice,caserjuice
0043,MrCrunch,mrcrunch,mrcrunch
0042,Green,green,green
0041,Pretzels,pretzels,pretzels
0040,KitKat,kitkat,kitkat
0039,Feiny Biscuits,feiny biscuits,feinybiscuits
0038,Lovita cookies,lovita cookies,lovitacookies
0037,Digestive,digestive,digestive
0036,Kunuz Juice,kunuz juice,kunuzjuice
0035,Sirma,sirma,sirma
0033,Corissant Karuzo,corissant karuzo,corissantkaruzo
0032,SunTop Almarai Chocolate,suntop almarai chocolate,suntopalmaraichocolate
0031,Rauch Drink,rauch drink,rauchdrink
0030,Mars,mars,mars
0029,Pepsi,pepsi,pepsi
0028,Snickers,snickers,snickers
0027,Gardena,gardena,gardena
0026,Bounty,bounty,bounty
0025,Twix,twix,twix
0024,kinder delice,kinder delice,kinderdelice
0023,Freez,freez,freez
0022,bonart,bonart,bonart
0021,Laviva,laviva,laviva
0020,mm,mm,mm
0019,mr bite,mr bite,mrbite
0018,Takis,takis,takis
0017,Doritos Dinamita,doritos dinamita,doritosdinamita
0016,wafe'up,wafe'up,wafeup
0015,kinza lemon,kinza lemon,kinzalemon
0014,Kinder Bueno,kinder bueno,kinderbueno
0012,sunTop,suntop,suntop
0011,X!R,x!r,xr
0010,Skittles,skittles,skittles
0009,Pepsi 500ml,pepsi 500ml,pepsi500ml
0008,Xo Energy,xo energy,xoenergy
0006,Tiger *12 cheese,tiger *12 cheese,tiger12cheese
0005,Schweppes,schweppes,schweppes
0004,Skittles drink,skittles drink,skittlesdrink
0003,Maltesers,maltesers,maltesers
0002,Water,water,water
0001,Doritos,doritos,doritos
e7e30487,Tiger paprika,tiger paprika,tigerpaprika
52c15a06,Tiger kebab,tiger kebab,tigerkebab
9f3ec79c,Tiger chili and lemon,tiger chili and lemon,tigerchiliandlemon
492147d3,Tiger tomato,tiger tomato,tigertomato
e509f31d,Tiger sweet chili,tiger sweet chili,tigersweetchili
308fcfb2,MR Crunch Crunchy fries,mr crunch crunchy fries,mrcrunchcrunchyfries
e28d366b,Mr Crunch Veggys,mr crunch veggys,mrcrunchveggys
6670c5c1,Vita go,vita go,vitago
2a5b5163,Coco mix,coco mix,cocomix
364fe321,Caesar mango,caesar mango,caesarmango
69692785,Bebeto,bebeto,bebeto
f3465619,Sweeto,sweeto,sweeto
52149040,test2,test2,test2
f2959682,test,test,test
d0a21a3b,Browniz moulin,browniz moulin,brownizmoulin
d0f577e2,Marie biscuit,marie biscuit,mariebiscuit
2f2e7440,Crico,crico,crico
12b96290,Doritos nacho,doritos nacho,doritosnacho
73c36157,Alain mini cola,alain mini cola,alainminicola
cc35c9db,Buldak,buldak,buldak
d5b5f9d1,Doritos green hot,doritos green hot,doritosgreenhot
78233e6f,Barbican,barbican,barbican
0af806f8,Doritos red hot,doritos red hot,doritosredhot
bb6c2490,Mr Crunch Tarbouch,mr crunch tarbouch,mrcrunchtarbouch
b77b1c64,Bonucci souffle,bonucci souffle,bonuccisouffle
83dd14b5,Coach suntop,coach suntop,coachsuntop
ccaf1c68,Wafer Laviva,wafer laviva,waferlaviva
a3f74383,Shani,shani,shani
ed187a9e,X!R  BERRY,x!r berry,xrberry
bfd1b639,Xr mango,xr mango,xrmango
b112660a,Caesar berry,caesar berry,caesarberry
649eaeb5,Schwppes,schwppes,schwppes
f38e69c5,Schweppes,schweppes,schweppes
3e9fa8d9,Kinza cola,kinza cola,kinzacola
27febea6,Maxxx chips,maxxx chips,maxxxchips
3945efc9,Mulino  oat cookies,mulino oat cookies,mulinooatcookies
c099f042,Tiger excellence,tiger excellence,tigerexcellence
cd21eb57,Chillax corn chips,chillax corn chips,chillaxcornchips
b3204174,Shocks potato,shocks potato,shockspotato
360bd4d4,Lexus,lexus,lexus
f30d8158,Savi stix,savi stix,savistix
cf6c9481,Turbo strips,turbo strips,turbostrips
ee3cf870,Wellness,wellness,wellness
7cd3aac7,Toblerone,toblerone,toblerone
9d0be7b3,Milka choco cow,milka choco cow,milkachococow
0f694cb5,Vitrac,vitrac,vitrac
d8e8d66a,Shada,shada,shada
1b6b5ed6,Rayhan,rayhan,rayhan
c80ae9f2,Yumi Zak,yumi zak,yumizak
1039e79c,Activ,activ,activ
cb9e809e,Sweeto Jelly,sweeto jelly,sweetojelly
a19879cf,Galaxy Wafer roll,galaxy wafer roll,galaxywaferroll
27c8f623,Bounty Wafer roll,bounty wafer roll,bountywaferroll
02d86a9b,Twix wafer roll,twix wafer roll,twixwaferroll
57a5617b,Mirinda orange,mirinda orange,mirindaorange
bb4d1bd1,Snickers wafer roll,snickers wafer roll,snickerswaferroll
406a1fee,Mirinda Bitter Soda,mirinda bitter soda,mirindabittersoda
561399a6,Yupi,yupi,yupi
e9e2a383,Be happy,be happy,behappy
8ed00567,BEM&Bo,bem&bo,bembo
220a28b9,Milka,milka,milka
f998044c,Kinder schokolade,kinder schokolade,kinderschokolade
70bdbe11,Schweppes pineapple,schweppes pineapple,schweppespineapple
eda833ca,Mr crunch normal,mr crunch normal,mrcrunchnormal
951a092f,Daddy chips,daddy chips,daddychips
6c787857,Minicco,minicco,minicco
7221daf3,Milka,milka,milka
c22010ef,Doritos ketchup jalapeno,doritos ketchup jalapeno,doritosketchupjalapeno