Month,Machine,Sales,Profit,Units,AdsIncome,Rent,NetProfit,AvgPrice,SPI_Traffic,SPI_Profit,SPI_Final,Rank,Status,ActionHint
46082,Attahadi Universty,1100.5,439.36,261,,0,439.36,4.216475096,100,100,61.68659004,1,🟢 Strong,OK
46082,DPMall,8138,3449.24,2370,1000,500,3949.24,3.433755274,52.37569061,73.06155372,32.79891647,4,🔴 Action Needed,Traffic issue → location/product mix
46082,HospAlmoa,4712,1626.18,1387,,,1626.18,3.397260274,30.6519337,30.08458271,19.75006433,13,🔴 Action Needed,Profit issue → pricing/cost/rent
46082,HTLand,6489,2587.57,2024,1000,,3587.57,3.206027668,44.72928177,66.37060251,28.11998013,5,🔴 Action Needed,Traffic issue → location/product mix
46082,HTMall,14909,6405.36,4525,,1000,5405.36,3.29480663,100,100,61.31792265,1,🟢 Strong,OK
46082,Istiklal,4122.5,1445.9,1339,,,1445.9,3.078790142,29.59116022,26.74937469,18.98621219,16,🔴 Action Needed,Profit issue → pricing/cost/rent
46082,SeaCost2,811,447.8,176,,,447.8,4.607954545,3.889502762,8.284369589,4.176883476,24,🔴 Action Needed,Traffic issue → location/product mix
46054,Attahadi Universty,4357.5,1306.17,1279,,0,1306.17,3.406958561,100,100,61.36278342,1,🟢 Strong,OK
46054,DPMall,2251,1015.1,716,1000,500,1515.1,3.143854749,15.82320442,28.02958545,10.75146455,15,🔴 Action Needed,Traffic issue → location/product mix
46054,HospAlmoa,4244,1368.57,1262,,,1368.57,3.362916006,27.88950276,25.31875768,18.07886806,17,🔴 Action Needed,Profit issue → pricing/cost/rent
46054,HTLand,7421,2969.46,2264,,,2969.46,3.277826855,50.03314917,54.93547146,31.33102024,7,🔴 Action Needed,Traffic issue → location/product mix
46054,HTMall,4149.5,1639.68,1493,1000,1000,1639.68,2.779303416,32.99447514,30.33433481,20.90840645,12,🔴 Action Needed,Profit issue → pricing/cost/rent
46054,Istiklal,3392.5,1033.65,1087,,0,1033.65,3.120975161,24.02209945,19.12268563,15.66164973,20,🔴 Action Needed,Profit issue → pricing/cost/rent
46054,SeaCost,4492,2436.55,1095,,300,4136.55,4.102283105,24.19889503,76.52681783,16.16025026,2,🔴 Action Needed,Traffic issue → location/product mix
46054,SeaCost2,1020,572.33,227,,,572.33,4.49339207,5.016574586,10.58819394,4.80730158,22,🔴 Action Needed,Traffic issue → location/product mix
46023,DPMall,2760,1177.36,1004,1000,500,1677.36,2.749003984,100,100,61.09960159,1,🟢 Strong,OK
46023,HospAlmoa,4992,1567.26,1583,,0,1567.26,3.153506001,34.98342541,28.99455355,22.25145765,14,🔴 Action Needed,Profit issue → pricing/cost/rent
46023,HTMall,10275,4118.83,3461,1000,1000,4118.83,2.968795146,76.48618785,76.19899507,47.07923077,3,🟡 Watch,Profit issue → pricing/cost/rent
46023,Istiklal,2918.5,1014.02,902,,,1014.02,3.235587583,19.93370166,18.75952758,13.25445603,21,🔴 Action Needed,Profit issue → pricing/cost/rent
46023,SeaCost,4698,2445.81,1352,,200,2245.81,3.474852071,29.87845304,41.547834,19.31701265,8,🔴 Action Needed,Traffic issue → location/product mix
45992,DPMall,4270,4270,1669,1000,,5270,2.558418214,100,100,61.02336729,1,🟢 Strong,OK
45992,HospAlmoa,5222,1786.24,1790,,,1786.24,2.917318436,39.55801105,33.04571758,24.901734,9,🔴 Action Needed,Profit issue → pricing/cost/rent
45992,HTMall,8128,3224.52,2934,,,,2.770279482,64.83977901,0,40.0119792,25,🟡 Watch,Profit issue → pricing/cost/rent
45992,SeaCost,3591,1752.25,1071,1000,1000,1752.25,3.352941176,23.66850829,32.4168973,15.54228144,10,🔴 Action Needed,Traffic issue → location/product mix
45962,DPMall,3760,3760,1383,1000,,5760,2.718727404,100,100,61.08749096,1,🟢 Strong,OK
45962,HospAlmoa,4181,1140.2,1476,,,1140.2,2.832655827,32.61878453,21.09387719,20.70433305,18,🔴 Action Needed,Profit issue → pricing/cost/rent
45962,HTMall,5092,1746.5,1939,1000,350,,2.626095926,42.85082873,0,26.76093561,25,🔴 Action Needed,Profit issue → pricing/cost/rent
45962,SeaCost,3347,1570.52,1355,,1000,570.52,2.470110701,29.94475138,10.55470866,18.95489511,23,🔴 Action Needed,Profit issue → pricing/cost/rent
45931,DPMall,4317,4317,1492,,,4317,2.893431635,100,100,61.15737265,1,🟢 Strong,OK
45931,HospAlmoa,5119,1407.54,1628,,350,1057.54,3.144348894,35.97790055,19.56465434,22.84447989,19,🔴 Action Needed,Profit issue → pricing/cost/rent
45931,HTMall,6910,2572.79,2663,,,,,,,,,,
45931,SeaCost,3861,1704.18,1447,1000,1000,1704.18,2.668279198,31.97790055,31.52759483,20.25405201,11,🔴 Action Needed,Profit issue → pricing/cost/rent
45901,DPMall,3707,3707,1474,,150,3557,2.514925373,32.57458564,65.80505276,20.55072153,6,🔴 Action Needed,Traffic issue → location/product mix
45901,HospAlmoa,4319,1375.79,1361,,,,,,,,,,
45901,HTMall,6216,2154.81,2734,,,,,,,,,,
45901,SeaCost,200,90.63,67,,,,,,,,,,
45870,DPMall,5823,5823,2346,,,,,,,,,,
45870,HospAlmoa,5788,1606.03,1863,,,,,,,,,,
45870,HTMall,8356,3081.56,3721,,,,,,,,,,
45839,DPMall,6918,6918,2540,,,,,,,,,,
45839,HospAlmoa,2474,584.38,800,,,,,,,,,,
45839,HTMall,8155,2598.83,3282,,,,,,,,,,
45809,DPMall,6388,6388,2244,,,,,,,,,,
45809,HTMall,10866,3503.22,4051,,,,,,,,,,
45778,DPMall,7047,7047,2414,,,,,,,,,,
45748,DPMall,14204,14204,4833,,,,,,,,,,
45717,DPMall,8859,8859,3365,,,,,,,,,,
45689,DPMall,7384,7384,2768,,,,,,,,,,
45658,DPMall,7700,7700,3096,,,,,,,,,,
