machine_id,machine_name,point_name,vms_product_number,vms_product_name,inventory_capacity,inventory_quantity,fill_percent_product,slot_code,par_level,min_level
2411000046,HospAlmoa,,114.0,Tiger excellence,7.0,7.0,1,TO_CONFIRM,TO_CONFIRM,TO_CONFIRM
2411000046,HospAlmoa,,113.0,Tiger *16 tomato,7.0,6.0,0.8571428571,TO_CONFIRM,TO_CONFIRM,TO_CONFIRM
2411000046,HospAlmoa,,1.0,Dorits cool ranc,7.0,2.0,0.2857142857,TO_CONFIRM,TO_CONFIRM,TO_CONFIRM
2411000046,HospAlmoa,,96.0,Doritos flamin' hot,14.0,12.0,0.8571428571,TO_CONFIRM,TO_CONFIRM,TO_CONFIRM
2411000046,HospAlmoa,,91.0,Tiger *12 Cheese,7.0,2.0,0.2857142857,TO_CONFIRM,TO_CONFIRM,TO_CONFIRM
2411000046,HospAlmoa,,70.0,Indomie,6.0,5.0,0.8333333333,TO_CONFIRM,TO_CONFIRM,TO_CONFIRM
2411000046,HospAlmoa,,52.0,MR Crunch,14.0,8.0,0.5714285714,TO_CONFIRM,TO_CONFIRM,TO_CONFIRM
2411000046,HospAlmoa,,38.0,Lovita cookies,7.0,4.0,0.5714285714,TO_CONFIRM,TO_CONFIRM,TO_CONFIRM
2411000046,HospAlmoa,,37.0,Digestive,12.0,0.0,0,TO_CONFIRM,TO_CONFIRM,TO_CONFIRM
2411000046,HospAlmoa,,25.0,Twix,16.0,9.0,0.5625,TO_CONFIRM,TO_CONFIRM,TO_CONFIRM
2411000046,HospAlmoa,,3.0,Maltesers,16.0,7.0,0.4375,TO_CONFIRM,TO_CONFIRM,TO_CONFIRM
2411000046,HospAlmoa,,28.0,Snickers,16.0,3.0,0.1875,TO_CONFIRM,TO_CONFIRM,TO_CONFIRM
2411000046,HospAlmoa,,106.0,Toblerone,16.0,11.0,0.6875,TO_CONFIRM,TO_CONFIRM,TO_CONFIRM
2411000046,HospAlmoa,,87.0,mr.bite strike,16.0,14.0,0.875,TO_CONFIRM,TO_CONFIRM,TO_CONFIRM
2411000046,HospAlmoa,,30.0,Mars,16.0,10.0,0.625,TO_CONFIRM,TO_CONFIRM,TO_CONFIRM
2411000046,HospAlmoa,,21.0,Laviva,16.0,9.0,0.5625,TO_CONFIRM,TO_CONFIRM,TO_CONFIRM
2411000046,HospAlmoa,,19.0,mr bite,28.0,14.0,0.5,TO_CONFIRM,TO_CONFIRM,TO_CONFIRM
2411000046,HospAlmoa,,12.0,sunTop,24.0,22.0,0.9166666667,TO_CONFIRM,TO_CONFIRM,TO_CONFIRM
2411000046,HospAlmoa,,32.0,SunTop Almarai Chocolate,16.0,12.0,0.75,TO_CONFIRM,TO_CONFIRM,TO_CONFIRM
2411000046,HospAlmoa,,64.0,Almarai Strawberry,8.0,3.0,0.375,TO_CONFIRM,TO_CONFIRM,TO_CONFIRM
2411000046,HospAlmoa,,36.0,Kunuz Juice,8.0,4.0,0.5,TO_CONFIRM,TO_CONFIRM,TO_CONFIRM
2411000046,HospAlmoa,,44.0,Caser Juice,24.0,12.0,0.5,TO_CONFIRM,TO_CONFIRM,TO_CONFIRM
2411000046,HospAlmoa,,29.0,Pepsi,14.0,11.0,0.7857142857,TO_CONFIRM,TO_CONFIRM,TO_CONFIRM
2411000046,HospAlmoa,,54.0,Mirinda,7.0,7.0,1,TO_CONFIRM,TO_CONFIRM,TO_CONFIRM
2411000046,HospAlmoa,,99.0,Shani,7.0,5.0,0.7142857143,TO_CONFIRM,TO_CONFIRM,TO_CONFIRM
2411000046,HospAlmoa,,5.0,Schweppes,14.0,9.0,0.6428571429,TO_CONFIRM,TO_CONFIRM,TO_CONFIRM
2411000046,HospAlmoa,,98.0,Barbican,7.0,6.0,0.8571428571,TO_CONFIRM,TO_CONFIRM,TO_CONFIRM
2411000046,HospAlmoa,,11.0,X!R,21.0,12.0,0.5714285714,TO_CONFIRM,TO_CONFIRM,TO_CONFIRM
2411000046,HospAlmoa,,2.0,Water,60.0,41.0,0.6833333333,TO_CONFIRM,TO_CONFIRM,TO_CONFIRM
2503000216,(HTMall),,114.0,Tiger excellence,7.0,6.0,0.8571428571,TO_CONFIRM,TO_CONFIRM,TO_CONFIRM
2503000216,(HTMall),,52.0,MR Crunch,14.0,13.0,0.9285714286,TO_CONFIRM,TO_CONFIRM,TO_CONFIRM
2503000216,(HTMall),,18.0,Takis,7.0,7.0,1,TO_CONFIRM,TO_CONFIRM,TO_CONFIRM
2503000216,(HTMall),,91.0,Tiger *12 Cheese,7.0,1.0,0.1428571429,TO_CONFIRM,TO_CONFIRM,TO_CONFIRM
2503000216,(HTMall),,96.0,Doritos flamin' hot,21.0,12.0,0.5714285714,TO_CONFIRM,TO_CONFIRM,TO_CONFIRM
2503000216,(HTMall),,102.0,Buldak,7.0,7.0,1,TO_CONFIRM,TO_CONFIRM,TO_CONFIRM
2503000216,(HTMall),,113.0,Tiger *16 tomato,7.0,7.0,1,TO_CONFIRM,TO_CONFIRM,TO_CONFIRM
2503000216,(HTMall),,19.0,mr bite,32.0,22.0,0.6875,TO_CONFIRM,TO_CONFIRM,TO_CONFIRM
2503000216,(HTMall),,10.0,Skittles,16.0,15.0,0.9375,TO_CONFIRM,TO_CONFIRM,TO_CONFIRM
2503000216,(HTMall),,30.0,Mars,16.0,15.0,0.9375,TO_CONFIRM,TO_CONFIRM,TO_CONFIRM
2503000216,(HTMall),,25.0,Twix,16.0,10.0,0.625,TO_CONFIRM,TO_CONFIRM,TO_CONFIRM
2503000216,(HTMall),,21.0,Laviva,16.0,10.0,0.625,TO_CONFIRM,TO_CONFIRM,TO_CONFIRM
2503000216,(HTMall),,28.0,Snickers,16.0,15.0,0.9375,TO_CONFIRM,TO_CONFIRM,TO_CONFIRM
2503000216,(HTMall),,14.0,Kinder Bueno,12.0,12.0,1,TO_CONFIRM,TO_CONFIRM,TO_CONFIRM
2503000216,(HTMall),,13.0,Ono cake,12.0,12.0,1,TO_CONFIRM,TO_CONFIRM,TO_CONFIRM
2503000216,(HTMall),,3.0,Maltesers,12.0,6.0,0.5,TO_CONFIRM,TO_CONFIRM,TO_CONFIRM
2503000216,(HTMall),,118.0,Haribo bears,16.0,15.0,0.9375,TO_CONFIRM,TO_CONFIRM,TO_CONFIRM
2503000216,(HTMall),,119.0,Turbo strips,8.0,1.0,0.125,TO_CONFIRM,TO_CONFIRM,TO_CONFIRM
2503000216,(HTMall),,82.0,L suntop,8.0,4.0,0.5,TO_CONFIRM,TO_CONFIRM,TO_CONFIRM
2503000216,(HTMall),,49.0,Haribo,16.0,15.0,0.9375,TO_CONFIRM,TO_CONFIRM,TO_CONFIRM
2503000216,(HTMall),,64.0,Almarai Strawberry,12.0,11.0,0.9166666667,TO_CONFIRM,TO_CONFIRM,TO_CONFIRM
2503000216,(HTMall),,32.0,SunTop Almarai Chocolate,13.0,12.0,0.9230769231,TO_CONFIRM,TO_CONFIRM,TO_CONFIRM
2503000216,(HTMall),,2.0,Water,60.0,26.0,0.4333333333,TO_CONFIRM,TO_CONFIRM,TO_CONFIRM
2503000216,(HTMall),,11.0,X!R,14.0,9.0,0.6428571429,TO_CONFIRM,TO_CONFIRM,TO_CONFIRM
2503000216,(HTMall),,98.0,Barbican,7.0,3.0,0.4285714286,TO_CONFIRM,TO_CONFIRM,TO_CONFIRM
2503000216,(HTMall),,99.0,Shani,7.0,5.0,0.7142857143,TO_CONFIRM,TO_CONFIRM,TO_CONFIRM
2503000216,(HTMall),,5.0,Schweppes,13.0,13.0,1,TO_CONFIRM,TO_CONFIRM,TO_CONFIRM
2503000216,(HTMall),,54.0,Mirinda,7.0,7.0,1,TO_CONFIRM,TO_CONFIRM,TO_CONFIRM
2503000216,(HTMall),,29.0,Pepsi,14.0,12.0,0.8571428571,TO_CONFIRM,TO_CONFIRM,TO_CONFIRM
2503000216,(HTMall),,15.0,kinza,7.0,5.0,0.7142857143,TO_CONFIRM,TO_CONFIRM,TO_CONFIRM
2503000217,SeaCost,,120.0,Chillax chips,14.0,13.0,0.9285714286,TO_CONFIRM,TO_CONFIRM,TO_CONFIRM
2503000217,SeaCost,,100.0,Mr Cruch veggy's,28.0,27.0,0.9642857143,TO_CONFIRM,TO_CONFIRM,TO_CONFIRM
2503000217,SeaCost,,33.0,Corissant Karuzo,7.0,6.0,0.8571428571,TO_CONFIRM,TO_CONFIRM,TO_CONFIRM
2503000217,SeaCost,,78.0,Mulino Cookis,7.0,3.0,0.4285714286,TO_CONFIRM,TO_CONFIRM,TO_CONFIRM
2503000217,SeaCost,,38.0,Lovita cookies,7.0,5.0,0.7142857143,TO_CONFIRM,TO_CONFIRM,TO_CONFIRM
2503000217,SeaCost,,104.0,Souffle,12.0,8.0,0.6666666667,TO_CONFIRM,TO_CONFIRM,TO_CONFIRM
2503000217,SeaCost,,20.0,m&m,12.0,10.0,0.8333333333,TO_CONFIRM,TO_CONFIRM,TO_CONFIRM
2503000217,SeaCost,,10.0,Skittles,12.0,11.0,0.9166666667,TO_CONFIRM,TO_CONFIRM,TO_CONFIRM
2503000217,SeaCost,,86.0,Mrbeast,24.0,12.0,0.5,TO_CONFIRM,TO_CONFIRM,TO_CONFIRM
2503000217,SeaCost,,21.0,Laviva,12.0,6.0,0.5,TO_CONFIRM,TO_CONFIRM,TO_CONFIRM
2503000217,SeaCost,,117.0,Wafer Laviva,12.0,9.0,0.75,TO_CONFIRM,TO_CONFIRM,TO_CONFIRM
2503000217,SeaCost,,116.0,Duplo,12.0,10.0,0.8333333333,TO_CONFIRM,TO_CONFIRM,TO_CONFIRM
2503000217,SeaCost,,106.0,Toblerone,12.0,9.0,0.75,TO_CONFIRM,TO_CONFIRM,TO_CONFIRM
2503000217,SeaCost,,19.0,mr bite,12.0,7.0,0.5833333333,TO_CONFIRM,TO_CONFIRM,TO_CONFIRM
2503000217,SeaCost,,89.0,Chico,16.0,13.0,0.8125,TO_CONFIRM,TO_CONFIRM,TO_CONFIRM
2503000217,SeaCost,,101.0,vita go,23.0,22.0,0.9565217391,TO_CONFIRM,TO_CONFIRM,TO_CONFIRM
2503000217,SeaCost,,64.0,Almarai Strawberry,8.0,8.0,1,TO_CONFIRM,TO_CONFIRM,TO_CONFIRM
2503000217,SeaCost,,32.0,SunTop Almarai Chocolate,8.0,7.0,0.875,TO_CONFIRM,TO_CONFIRM,TO_CONFIRM
2503000217,SeaCost,,111.0,Rayhan suntop,24.0,19.0,0.7916666667,TO_CONFIRM,TO_CONFIRM,TO_CONFIRM
2503000217,SeaCost,,108.0,Shada up,8.0,6.0,0.75,TO_CONFIRM,TO_CONFIRM,TO_CONFIRM
2503000217,SeaCost,,12.0,sunTop,8.0,7.0,0.875,TO_CONFIRM,TO_CONFIRM,TO_CONFIRM
2503000217,SeaCost,,2.0,Water,60.0,29.0,0.4833333333,TO_CONFIRM,TO_CONFIRM,TO_CONFIRM
2503000217,SeaCost,,61.0,Prime,14.0,10.0,0.7142857143,TO_CONFIRM,TO_CONFIRM,TO_CONFIRM
2503000217,SeaCost,,109.0,Be happy kids,7.0,6.0,0.8571428571,TO_CONFIRM,TO_CONFIRM,TO_CONFIRM
2503000217,SeaCost,,65.0,Dallas juice,16.0,13.0,0.8125,TO_CONFIRM,TO_CONFIRM,TO_CONFIRM
2503000217,SeaCost,,36.0,Kunuz Juice,7.0,5.0,0.7142857143,TO_CONFIRM,TO_CONFIRM,TO_CONFIRM
2503000217,SeaCost,,44.0,Caser Juice,14.0,10.0,0.7142857143,TO_CONFIRM,TO_CONFIRM,TO_CONFIRM
2509000369,Istiklal,,91.0,Tiger *12 Cheese,7.0,3.0,0.4285714286,TO_CONFIRM,TO_CONFIRM,TO_CONFIRM
2509000369,Istiklal,,52.0,MR Crunch,21.0,7.0,0.3333333333,TO_CONFIRM,TO_CONFIRM,TO_CONFIRM
2509000369,Istiklal,,38.0,Lovita cookies,7.0,4.0,0.5714285714,TO_CONFIRM,TO_CONFIRM,TO_CONFIRM
2509000369,Istiklal,,112.0,Tiger *16 kebab,7.0,6.0,0.8571428571,TO_CONFIRM,TO_CONFIRM,TO_CONFIRM
2509000369,Istiklal,,1.0,Dorits cool ranc,7.0,5.0,0.7142857143,TO_CONFIRM,TO_CONFIRM,TO_CONFIRM
2509000369,Istiklal,,114.0,Tiger excellence,14.0,4.0,0.2857142857,TO_CONFIRM,TO_CONFIRM,TO_CONFIRM
2509000369,Istiklal,,33.0,Corissant Karuzo,7.0,4.0,0.5714285714,TO_CONFIRM,TO_CONFIRM,TO_CONFIRM
2509000369,Istiklal,,19.0,mr bite,32.0,14.0,0.4375,TO_CONFIRM,TO_CONFIRM,TO_CONFIRM
2509000369,Istiklal,,27.0,Gardena,16.0,0.0,0,TO_CONFIRM,TO_CONFIRM,TO_CONFIRM
2509000369,Istiklal,,30.0,Mars,16.0,15.0,0.9375,TO_CONFIRM,TO_CONFIRM,TO_CONFIRM
2509000369,Istiklal,,21.0,Laviva,16.0,13.0,0.8125,TO_CONFIRM,TO_CONFIRM,TO_CONFIRM
2509000369,Istiklal,,14.0,Kinder Bueno,16.0,14.0,0.875,TO_CONFIRM,TO_CONFIRM,TO_CONFIRM
2509000369,Istiklal,,3.0,Maltesers,16.0,0.0,0,TO_CONFIRM,TO_CONFIRM,TO_CONFIRM
2509000369,Istiklal,,40.0,KitKat,16.0,6.0,0.375,TO_CONFIRM,TO_CONFIRM,TO_CONFIRM
2509000369,Istiklal,,106.0,Toblerone,16.0,7.0,0.4375,TO_CONFIRM,TO_CONFIRM,TO_CONFIRM
2509000369,Istiklal,,25.0,Twix,16.0,6.0,0.375,TO_CONFIRM,TO_CONFIRM,TO_CONFIRM
2509000369,Istiklal,,12.0,sunTop,21.0,15.0,0.7142857143,TO_CONFIRM,TO_CONFIRM,TO_CONFIRM
2509000369,Istiklal,,32.0,SunTop Almarai Chocolate,7.0,5.0,0.7142857143,TO_CONFIRM,TO_CONFIRM,TO_CONFIRM
2509000369,Istiklal,,64.0,Almarai Strawberry,7.0,4.0,0.5714285714,TO_CONFIRM,TO_CONFIRM,TO_CONFIRM
2509000369,Istiklal,,98.0,Barbican,6.0,4.0,0.6666666667,TO_CONFIRM,TO_CONFIRM,TO_CONFIRM
2509000369,Istiklal,,23.0,Freez,6.0,4.0,0.6666666667,TO_CONFIRM,TO_CONFIRM,TO_CONFIRM
2509000369,Istiklal,,5.0,Schweppes,12.0,10.0,0.8333333333,TO_CONFIRM,TO_CONFIRM,TO_CONFIRM
2509000369,Istiklal,,108.0,Shada up,6.0,6.0,1,TO_CONFIRM,TO_CONFIRM,TO_CONFIRM
2509000369,Istiklal,,29.0,Pepsi,16.0,11.0,0.6875,TO_CONFIRM,TO_CONFIRM,TO_CONFIRM
2509000369,Istiklal,,54.0,Mirinda,8.0,5.0,0.625,TO_CONFIRM,TO_CONFIRM,TO_CONFIRM
2509000369,Istiklal,,99.0,Shani,8.0,5.0,0.625,TO_CONFIRM,TO_CONFIRM,TO_CONFIRM
2509000369,Istiklal,,115.0,Lavazza,8.0,5.0,0.625,TO_CONFIRM,TO_CONFIRM,TO_CONFIRM
2509000369,Istiklal,,36.0,Kunuz Juice,8.0,3.0,0.375,TO_CONFIRM,TO_CONFIRM,TO_CONFIRM
2509000369,Istiklal,,44.0,Caser Juice,8.0,7.0,0.875,TO_CONFIRM,TO_CONFIRM,TO_CONFIRM
2509000369,Istiklal,,11.0,X!R,24.0,16.0,0.6666666667,TO_CONFIRM,TO_CONFIRM,TO_CONFIRM
2509000369,Istiklal,,2.0,Water,60.0,49.0,0.8166666667,TO_CONFIRM,TO_CONFIRM,TO_CONFIRM
