product_id,sku,name,description,image,selling_price,purchase_price,min_stock,importance,product_group,barcode,units_per_box,sku_generated
0087,0087,mr.bite strike,,Items_Images/mr,4.0,1.87,5.0,TO_CONFIRM,TO_CONFIRM,TO_CONFIRM,TO_CONFIRM,no
0086,0086,Mrbeast,,Items_Images/mrbeast.jpg,10.0,4.7,5.0,5.0,Chocolate,TO_CONFIRM,10.0,no
0083,0083,Doritos real,,,7.0,6.0,5.0,TO_CONFIRM,TO_CONFIRM,TO_CONFIRM,TO_CONFIRM,no
0082,0082,L suntop,,Items_Images/suntopL.webp,2.0,0.95,5.0,TO_CONFIRM,TO_CONFIRM,TO_CONFIRM,TO_CONFIRM,no
0081,0081,Smsm,,,6.0,4.4,5.0,TO_CONFIRM,TO_CONFIRM,TO_CONFIRM,TO_CONFIRM,no
0080,0080,Yasmin Penuts,,,3.0,1.8,5.0,TO_CONFIRM,TO_CONFIRM,TO_CONFIRM,TO_CONFIRM,no
0079,0079,Yasmin Almonds,,,5.0,3.6,5.0,TO_CONFIRM,TO_CONFIRM,TO_CONFIRM,TO_CONFIRM,no
0078,0078,Mulino Cookis,,,7.0,4.79,5.0,TO_CONFIRM,TO_CONFIRM,TO_CONFIRM,TO_CONFIRM,no
0077,0077,Saminsa,,,3.0,1.0,5.0,TO_CONFIRM,TO_CONFIRM,TO_CONFIRM,TO_CONFIRM,no
0076,0076,koren Indomie,,Items_Images/bulddk.jpg,10.0,8.5,0.0,1.0,TO_CONFIRM,TO_CONFIRM,TO_CONFIRM,no
0075,0075,Twix ex,,,4.0,1.75,5.0,TO_CONFIRM,TO_CONFIRM,TO_CONFIRM,TO_CONFIRM,no
0074,0074,HiPro,,Items_Images/hipro.png,8.0,5.83,5.0,TO_CONFIRM,TO_CONFIRM,TO_CONFIRM,TO_CONFIRM,no
0073,0073,Rani,,Items_Images/rani.jpg,3.0,2.17,5.0,TO_CONFIRM,TO_CONFIRM,TO_CONFIRM,TO_CONFIRM,no
0072,0072,Roshetto,,,3.0,1.36,5.0,TO_CONFIRM,TO_CONFIRM,TO_CONFIRM,TO_CONFIRM,no
0071,0071,MrCrunch-RingGo,,Items_Images/0071.Image.160040.jpg,5.0,1.6,5.0,TO_CONFIRM,TO_CONFIRM,TO_CONFIRM,TO_CONFIRM,no
0070,0070,Indomie,,Items_Images/indomie.jpg,5.0,2.83,5.0,TO_CONFIRM,TO_CONFIRM,TO_CONFIRM,TO_CONFIRM,no
0069,0069,ToraBika capp,,,2.0,1.27,5.0,TO_CONFIRM,TO_CONFIRM,TO_CONFIRM,TO_CONFIRM,no
0067,0067,Nuts,,,7.0,4.58,5.0,TO_CONFIRM,TO_CONFIRM,TO_CONFIRM,TO_CONFIRM,no
0065,0065,Dallas juice,,Items_Images/0065.Image.142044.jpg,3.0,0.91,5.0,TO_CONFIRM,TO_CONFIRM,TO_CONFIRM,TO_CONFIRM,no
0064,0064,SunTop Almarai Strawberry,,Items_Images/0064.Image.142956.jpg,3.0,2.08,5.0,TO_CONFIRM,TO_CONFIRM,TO_CONFIRM,27.0,no
0063,0063,PopCorn Chocolate,,,7.0,5.0,5.0,TO_CONFIRM,TO_CONFIRM,TO_CONFIRM,TO_CONFIRM,no
0062,0062,Jannaty,,,3.0,2.25,5.0,TO_CONFIRM,TO_CONFIRM,TO_CONFIRM,TO_CONFIRM,no
0061,0061,Prime,,Items_Images/prime.jpg,20.0,14.16,5.0,TO_CONFIRM,TO_CONFIRM,TO_CONFIRM,TO_CONFIRM,no
0060,0060,zigi marinated peanuts,,,6.0,3.5,5.0,TO_CONFIRM,TO_CONFIRM,TO_CONFIRM,TO_CONFIRM,no
0059,0059,Toren Dark Chocolate,,,2.0,0.91,5.0,TO_CONFIRM,Chocolate,TO_CONFIRM,TO_CONFIRM,no
0058,0058,Today Chocolate,,,12.0,8.83,5.0,TO_CONFIRM,TO_CONFIRM,TO_CONFIRM,TO_CONFIRM,no
0057,0057,ifruit juice,,,4.0,2.91,5.0,TO_CONFIRM,TO_CONFIRM,TO_CONFIRM,TO_CONFIRM,no
0056,0056,Bourbon biscuit,,Items_Images/0056.Image.143628.jpg,7.0,4.7,5.0,TO_CONFIRM,TO_CONFIRM,TO_CONFIRM,TO_CONFIRM,no
0055,0055,Tropia,,,5.0,3.25,5.0,TO_CONFIRM,TO_CONFIRM,TO_CONFIRM,TO_CONFIRM,no
0054,0054,Mirinda apple,,Items_Images/0054.Image.144938.jpg,3.0,2.25,5.0,TO_CONFIRM,TO_CONFIRM,TO_CONFIRM,24.0,no
0053,0053,7up,,Items_Images/7up.jpg,3.0,2.25,5.0,TO_CONFIRM,TO_CONFIRM,TO_CONFIRM,TO_CONFIRM,no
0052,0052,MR Crunch cheese,,Items_Images/0052.Image.141102.jpg,5.0,2.44,5.0,TO_CONFIRM,TO_CONFIRM,TO_CONFIRM,TO_CONFIRM,no
0051,0051,Justo Drink,,Items_Images/0051.Image.142523.jpg,2.0,1.0,5.0,TO_CONFIRM,TO_CONFIRM,TO_CONFIRM,TO_CONFIRM,no
0050,0050,Ivsar water,,,4.0,2.62,5.0,TO_CONFIRM,TO_CONFIRM,TO_CONFIRM,TO_CONFIRM,no
0049,0049,Haribo,,Items_Images/0049.Image.163136.jpg,3.0,1.93,5.0,TO_CONFIRM,TO_CONFIRM,TO_CONFIRM,24.0,no
0048,0048,Kinder bueno1stick,,,4.0,3.0,5.0,TO_CONFIRM,TO_CONFIRM,TO_CONFIRM,TO_CONFIRM,no
0046,0046,Chocolate Drink,,,20.0,16.25,5.0,TO_CONFIRM,TO_CONFIRM,TO_CONFIRM,TO_CONFIRM,no
0045,0045,Natural Grape,,,5.0,3.5,5.0,TO_CONFIRM,TO_CONFIRM,TO_CONFIRM,TO_CONFIRM,no
0044,0044,Caser Juice,,,5.0,4.13,5.0,TO_CONFIRM,TO_CONFIRM,TO_CONFIRM,TO_CONFIRM,no
0043,0043,MrCrunch,,,5.0,2.33,5.0,TO_CONFIRM,TO_CONFIRM,TO_CONFIRM,TO_CONFIRM,no
0042,0042,Green,,Items_Images/greencola.jpg,4.0,2.96,5.0,TO_CONFIRM,TO_CONFIRM,TO_CONFIRM,TO_CONFIRM,no
0041,0041,Pretzels,,Items_Images/pretzels.jpg,5.0,3.5,5.0,TO_CONFIRM,TO_CONFIRM,TO_CONFIRM,TO_CONFIRM,no
0040,0040,KitKat,,Items_Images/kitkat.webp,5.0,3.63,5.0,TO_CONFIRM,TO_CONFIRM,TO_CONFIRM,TO_CONFIRM,no
0039,0039,Feiny Biscuits,,,10.0,7.91,5.0,TO_CONFIRM,TO_CONFIRM,TO_CONFIRM,TO_CONFIRM,no
0038,0038,Lovita cookies,,Items_Images/0038.Image.161358.jpg,8.0,6.12,5.0,TO_CONFIRM,TO_CONFIRM,TO_CONFIRM,16.0,no
0037,0037,Digestive,,Items_Images/0037.Image.161157.jpg,1.0,0.63,5.0,TO_CONFIRM,TO_CONFIRM,TO_CONFIRM,TO_CONFIRM,no
0036,0036,Kunuz Juice,,Items_Images/kunuz.jpeg,3.0,2.0,5.0,TO_CONFIRM,TO_CONFIRM,TO_CONFIRM,TO_CONFIRM,no
0035,0035,Sirma,,,4.0,3.0,5.0,TO_CONFIRM,TO_CONFIRM,TO_CONFIRM,TO_CONFIRM,no
0033,0033,Corissant Karuzo,,Items_Images/karuzo.jpg,4.0,1.33,5.0,TO_CONFIRM,TO_CONFIRM,TO_CONFIRM,24.0,no
0032,0032,SunTop Almarai Chocolate,,Items_Images/0032.Image.142846.jpg,3.0,2.0,5.0,TO_CONFIRM,TO_CONFIRM,TO_CONFIRM,27.0,no
0031,0031,Rauch Drink,,,10.0,8.25,5.0,TO_CONFIRM,TO_CONFIRM,TO_CONFIRM,TO_CONFIRM,no
0030,0030,Mars,,Items_Images/mars.jpg,6.0,4.45,5.0,TO_CONFIRM,TO_CONFIRM,TO_CONFIRM,TO_CONFIRM,no
0029,0029,Pepsi,,Items_Images/pepsi.jpg,3.0,2.25,5.0,TO_CONFIRM,TO_CONFIRM,TO_CONFIRM,24.0,no
0028,0028,Snickers,,Items_Images/0028.Image.144401.jpg,6.0,4.45,5.0,TO_CONFIRM,Chocolate,TO_CONFIRM,TO_CONFIRM,no
0027,0027,Gardena,,Items_Images/0027.Image.220057.jpg,4.0,3.28,5.0,TO_CONFIRM,Chocolate,TO_CONFIRM,25.0,no
0026,0026,Bounty,,Items_Images/bounty.jpg,5.0,3.75,5.0,TO_CONFIRM,Chocolate,TO_CONFIRM,TO_CONFIRM,no
0025,0025,Twix,,Items_Images/0025.Image.144117.jpg,6.0,4.64,5.0,TO_CONFIRM,Chocolate,TO_CONFIRM,TO_CONFIRM,no
0024,0024,kinder delice,,,3.0,2.4,5.0,TO_CONFIRM,TO_CONFIRM,TO_CONFIRM,TO_CONFIRM,no
0023,0023,Freez,,Items_Images/freez.jpeg,5.0,3.41,5.0,TO_CONFIRM,TO_CONFIRM,TO_CONFIRM,TO_CONFIRM,no
0022,0022,bonart,,Items_Images/bonart.jpeg,5.0,2.92,5.0,TO_CONFIRM,TO_CONFIRM,TO_CONFIRM,TO_CONFIRM,no
0021,0021,Laviva,,Items_Images/0021.Image.143044.jpg,3.0,2.25,5.0,TO_CONFIRM,TO_CONFIRM,TO_CONFIRM,24.0,no
0020,0020,mm,,Items_Images/m&m.jpg,5.0,3.79,5.0,TO_CONFIRM,Chocolate,TO_CONFIRM,TO_CONFIRM,no
0019,0019,mr bite,,Items_Images/mrbite.jpeg,2.0,1.33,5.0,TO_CONFIRM,Chocolate,TO_CONFIRM,24.0,no
0018,0018,Takis,,Items_Images/0018.Image.100026.jpg,30.0,24.0,5.0,TO_CONFIRM,TO_CONFIRM,TO_CONFIRM,TO_CONFIRM,no
0017,0017,Doritos Dinamita,,Items_Images/doritos_dinamita.jpg,12.0,7.0,5.0,TO_CONFIRM,TO_CONFIRM,TO_CONFIRM,TO_CONFIRM,no
0016,0016,wafe'up,,Items_Images/wafeup.jpg,2.0,0.92,5.0,TO_CONFIRM,Chocolate,TO_CONFIRM,TO_CONFIRM,no
0015,0015,kinza lemon,,Items_Images/0015.Image.143447.jpg,2.0,1.54,5.0,TO_CONFIRM,TO_CONFIRM,TO_CONFIRM,TO_CONFIRM,no
0014,0014,Kinder Bueno,,Items_Images/bueno.webp,7.0,5.9,5.0,TO_CONFIRM,Chocolate,TO_CONFIRM,TO_CONFIRM,no
0012,0012,sunTop,,Items_Images/suntop.jpg,1.0,0.6,5.0,TO_CONFIRM,TO_CONFIRM,TO_CONFIRM,TO_CONFIRM,no
0011,0011,X!R,,Items_Images/0011.Image.142239.jpg,5.0,3.5,5.0,TO_CONFIRM,TO_CONFIRM,TO_CONFIRM,24.0,no
0010,0010,Skittles,,Items_Images/0010.Image.145400.jpg,8.0,5.83,5.0,TO_CONFIRM,Chocolate,TO_CONFIRM,TO_CONFIRM,no
0009,0009,Pepsi 500ml,,,3.0,1.83,5.0,TO_CONFIRM,TO_CONFIRM,TO_CONFIRM,TO_CONFIRM,no
0008,0008,Xo Energy,,,5.0,3.45,5.0,TO_CONFIRM,TO_CONFIRM,TO_CONFIRM,TO_CONFIRM,no
0006,0006,Tiger *12 cheese,,Items_Images/0006.Image.135345.jpg,5.0,3.08,5.0,5.0,Tiger,TO_CONFIRM,TO_CONFIRM,no
0005,0005,Schweppes,,Items_Images/0005.Image.134253.jpg,3.0,2.0,5.0,TO_CONFIRM,TO_CONFIRM,TO_CONFIRM,TO_CONFIRM,no
0004,0004,Skittles drink,,,8.0,4.75,5.0,TO_CONFIRM,TO_CONFIRM,TO_CONFIRM,TO_CONFIRM,no
0003,0003,Maltesers,,Items_Images/maltesers.jpg,6.0,4.88,5.0,TO_CONFIRM,Chocolate,TO_CONFIRM,TO_CONFIRM,no
0002,0002,Water,,Items_Images/water.jpg,1.0,0.3,5.0,5.0,TO_CONFIRM,TO_CONFIRM,12.0,no
0001,0001,Doritos,,Items_Images/doritos.avif,5.0,2.8,5.0,TO_CONFIRM,Doritos,TO_CONFIRM,15.0,no
e7e30487,e7e30487,Tiger paprika,,Items_Images/e7e30487.Image.135619.jpg,5.0,3.5,12.0,TO_CONFIRM,Tiger,TO_CONFIRM,TO_CONFIRM,no
52c15a06,52c15a06,Tiger kebab,,Items_Images/52c15a06.Image.135645.jpg,5.0,3.5,12.0,TO_CONFIRM,Tiger,TO_CONFIRM,TO_CONFIRM,no
9f3ec79c,9f3ec79c,Tiger chili and lemon,,Items_Images/9f3ec79c.Image.135723.jpg,5.0,3.5,12.0,TO_CONFIRM,Tiger,TO_CONFIRM,TO_CONFIRM,no
492147d3,492147d3,Tiger tomato,,Items_Images/492147d3.Image.135753.jpg,5.0,3.5,12.0,TO_CONFIRM,Tiger,TO_CONFIRM,TO_CONFIRM,no
e509f31d,e509f31d,Tiger sweet chili,,Items_Images/e509f31d.Image.135841.jpg,5.0,3.5,12.0,TO_CONFIRM,Tiger,TO_CONFIRM,TO_CONFIRM,no
308fcfb2,308fcfb2,MR Crunch Crunchy fries,,Items_Images/308fcfb2.Image.141308.jpg,TO_CONFIRM,TO_CONFIRM,5.0,TO_CONFIRM,TO_CONFIRM,TO_CONFIRM,TO_CONFIRM,no
e28d366b,e28d366b,Mr Crunch Veggys,,Items_Images/e28d366b.Image.141520.jpg,TO_CONFIRM,TO_CONFIRM,18.0,TO_CONFIRM,TO_CONFIRM,TO_CONFIRM,TO_CONFIRM,no
6670c5c1,6670c5c1,Vita go,,Items_Images/6670c5c1.Image.142625.jpg,3.0,1.75,8.0,TO_CONFIRM,TO_CONFIRM,TO_CONFIRM,TO_CONFIRM,no
2a5b5163,2a5b5163,Coco mix,,Items_Images/2a5b5163.Image.144243.jpg,TO_CONFIRM,TO_CONFIRM,1.0,TO_CONFIRM,TO_CONFIRM,TO_CONFIRM,TO_CONFIRM,no
364fe321,364fe321,Caesar mango,,Items_Images/364fe321.Image.145621.jpg,TO_CONFIRM,TO_CONFIRM,2.0,TO_CONFIRM,TO_CONFIRM,TO_CONFIRM,TO_CONFIRM,no
69692785,69692785,Bebeto,,Items_Images/69692785.Image.163406.jpg,TO_CONFIRM,TO_CONFIRM,1.0,TO_CONFIRM,TO_CONFIRM,TO_CONFIRM,TO_CONFIRM,no
f3465619,f3465619,Sweeto,,Items_Images/f3465619.Image.163523.jpg,TO_CONFIRM,TO_CONFIRM,0.0,TO_CONFIRM,TO_CONFIRM,TO_CONFIRM,TO_CONFIRM,no
52149040,52149040,test2,,Items_Images/52149040.Image.161824.jpg,4.0,2.0,0.0,1.0,TO_CONFIRM,TO_CONFIRM,10.0,no
f2959682,f2959682,test,,Items_Images/f2959682.Image.161830.jpg,2.0,1.0,0.0,1.0,TO_CONFIRM,TO_CONFIRM,TO_CONFIRM,no
d0a21a3b,d0a21a3b,Browniz moulin,,Items_Images/d0a21a3b.Image.104046.jpg,3.0,1.3,3.0,1.0,TO_CONFIRM,TO_CONFIRM,TO_CONFIRM,no
d0f577e2,d0f577e2,Marie biscuit,,Items_Images/d0f577e2.Image.104133.jpg,1.0,0.47,5.0,TO_CONFIRM,TO_CONFIRM,TO_CONFIRM,TO_CONFIRM,no
2f2e7440,2f2e7440,Crico,,Items_Images/2f2e7440.Image.104219.png,TO_CONFIRM,TO_CONFIRM,3.0,TO_CONFIRM,TO_CONFIRM,TO_CONFIRM,TO_CONFIRM,no
12b96290,12b96290,Doritos nacho,,Items_Images/12b96290.Image.170453.jpg,5.0,3.0,0.0,5.0,Doritos,TO_CONFIRM,15.0,no
73c36157,73c36157,Alain mini cola,,Items_Images/73c36157.Image.160931.jpg,2.0,1.58,0.0,TO_CONFIRM,TO_CONFIRM,TO_CONFIRM,TO_CONFIRM,no
cc35c9db,cc35c9db,Buldak,,Items_Images/cc35c9db.Image.100127.jpg,TO_CONFIRM,8.0,0.0,TO_CONFIRM,TO_CONFIRM,TO_CONFIRM,TO_CONFIRM,no
d5b5f9d1,d5b5f9d1,Doritos green hot,,Items_Images/d5b5f9d1.Image.150625.jpg,5.0,2.6,10.0,5.0,Doritos,TO_CONFIRM,15.0,no
78233e6f,78233e6f,Barbican,,Items_Images/78233e6f.Image.214441.jpg,5.0,3.17,0.0,5.0,TO_CONFIRM,TO_CONFIRM,TO_CONFIRM,no
0af806f8,0af806f8,Doritos red hot,,Items_Images/0af806f8.Image.215944.jpg,5.0,2.66,15.0,5.0,Doritos,TO_CONFIRM,15.0,no
bb6c2490,bb6c2490,Mr Crunch Tarbouch,,Items_Images/bb6c2490.Image.083508.jpg,5.0,2.78,0.0,5.0,Tiger,TO_CONFIRM,18.0,no
b77b1c64,b77b1c64,Bonucci souffle,,Items_Images/b77b1c64.Image.181723.jpg,3.0,1.58,0.0,TO_CONFIRM,TO_CONFIRM,TO_CONFIRM,TO_CONFIRM,no
83dd14b5,83dd14b5,Coach suntop,,Items_Images/83dd14b5.Image.102839.jpg,1.0,0.45,0.0,TO_CONFIRM,TO_CONFIRM,TO_CONFIRM,24.0,no
ccaf1c68,ccaf1c68,Wafer Laviva,,Items_Images/ccaf1c68.Image.151802.jpg,4.0,1.9,0.0,TO_CONFIRM,TO_CONFIRM,TO_CONFIRM,TO_CONFIRM,no
a3f74383,a3f74383,Shani,,Items_Images/a3f74383.Image.131747.jpg,3.0,2.25,7.0,1.0,TO_CONFIRM,TO_CONFIRM,TO_CONFIRM,no
ed187a9e,ed187a9e,X!R  BERRY,,Items_Images/ed187a9e.Image.133801.jpg,5.0,3.5,0.0,1.0,TO_CONFIRM,TO_CONFIRM,TO_CONFIRM,no
bfd1b639,bfd1b639,Xr mango,,Items_Images/bfd1b639.Image.133844.jpg,5.0,3.5,7.0,TO_CONFIRM,TO_CONFIRM,TO_CONFIRM,TO_CONFIRM,no
b112660a,b112660a,Caesar berry,,Items_Images/b112660a.Image.134147.jpg,5.0,TO_CONFIRM,7.0,3.0,TO_CONFIRM,TO_CONFIRM,TO_CONFIRM,no
649eaeb5,649eaeb5,Schwppes,,Items_Images/649eaeb5.Image.134405.jpg,3.0,TO_CONFIRM,7.0,TO_CONFIRM,TO_CONFIRM,TO_CONFIRM,TO_CONFIRM,no
f38e69c5,f38e69c5,Schweppes,,Items_Images/f38e69c5.Image.134437.jpg,3.0,TO_CONFIRM,7.0,TO_CONFIRM,TO_CONFIRM,TO_CONFIRM,TO_CONFIRM,no
3e9fa8d9,3e9fa8d9,Kinza cola,,Items_Images/3e9fa8d9.Image.135200.jpg,2.0,TO_CONFIRM,7.0,TO_CONFIRM,TO_CONFIRM,TO_CONFIRM,TO_CONFIRM,no
27febea6,27febea6,Maxxx chips,,Items_Images/27febea6.Image.140237.png,TO_CONFIRM,TO_CONFIRM,5.0,1.0,TO_CONFIRM,TO_CONFIRM,TO_CONFIRM,no
3945efc9,3945efc9,Mulino  oat cookies,,Items_Images/3945efc9.Image.140530.jpg,7.0,TO_CONFIRM,1.0,1.0,TO_CONFIRM,TO_CONFIRM,TO_CONFIRM,no
c099f042,c099f042,Tiger excellence,,Items_Images/c099f042.Image.140913.jpg,5.0,TO_CONFIRM,6.0,5.0,Tiger,TO_CONFIRM,20.0,no
cd21eb57,cd21eb57,Chillax corn chips,,Items_Images/cd21eb57.Image.141015.jpg,7.0,TO_CONFIRM,6.0,4.0,Tiger,TO_CONFIRM,TO_CONFIRM,no
b3204174,b3204174,Shocks potato,,Items_Images/b3204174.Image.141449.png,3.0,TO_CONFIRM,7.0,3.0,Tiger,TO_CONFIRM,TO_CONFIRM,no
360bd4d4,360bd4d4,Lexus,,Items_Images/360bd4d4.Image.142409.png,5.0,TO_CONFIRM,6.0,4.0,TO_CONFIRM,TO_CONFIRM,TO_CONFIRM,no
f30d8158,f30d8158,Savi stix,,Items_Images/f30d8158.Image.142437.png,5.0,TO_CONFIRM,6.0,3.0,TO_CONFIRM,TO_CONFIRM,TO_CONFIRM,no
cf6c9481,cf6c9481,Turbo strips,,Items_Images/cf6c9481.Image.142509.jpg,5.0,TO_CONFIRM,8.0,5.0,TO_CONFIRM,TO_CONFIRM,TO_CONFIRM,no
ee3cf870,ee3cf870,Wellness,,Items_Images/ee3cf870.Image.143045.jpg,3.0,TO_CONFIRM,1.0,1.0,TO_CONFIRM,TO_CONFIRM,TO_CONFIRM,no
7cd3aac7,7cd3aac7,Toblerone,,Items_Images/7cd3aac7.Image.143652.jpg,7.0,TO_CONFIRM,3.0,TO_CONFIRM,Chocolate,TO_CONFIRM,TO_CONFIRM,no
9d0be7b3,9d0be7b3,Milka choco cow,,Items_Images/9d0be7b3.Image.143817.jpg,TO_CONFIRM,TO_CONFIRM,1.0,1.0,Chocolate,TO_CONFIRM,TO_CONFIRM,no
0f694cb5,0f694cb5,Vitrac,,Items_Images/0f694cb5.Image.144236.png,5.0,TO_CONFIRM,5.0,2.0,TO_CONFIRM,TO_CONFIRM,12.0,no
d8e8d66a,d8e8d66a,Shada,,Items_Images/d8e8d66a.Image.150914.jpg,2.0,TO_CONFIRM,6.0,3.0,TO_CONFIRM,TO_CONFIRM,TO_CONFIRM,no
1b6b5ed6,1b6b5ed6,Rayhan,,Items_Images/1b6b5ed6.Image.151431.jpg,1.0,TO_CONFIRM,7.0,5.0,TO_CONFIRM,TO_CONFIRM,TO_CONFIRM,no
c80ae9f2,c80ae9f2,Yumi Zak,,Items_Images/c80ae9f2.Image.143421.jpg,6.5,4.5,0.0,TO_CONFIRM,TO_CONFIRM,TO_CONFIRM,12.0,no
1039e79c,1039e79c,Activ,,Items_Images/1039e79c.Image.143553.jpg,TO_CONFIRM,TO_CONFIRM,0.0,TO_CONFIRM,TO_CONFIRM,TO_CONFIRM,TO_CONFIRM,no
cb9e809e,cb9e809e,Sweeto Jelly,,Items_Images/cb9e809e.Image.163550.jpg,TO_CONFIRM,TO_CONFIRM,0.0,TO_CONFIRM,TO_CONFIRM,TO_CONFIRM,12.0,no
a19879cf,a19879cf,Galaxy Wafer roll,,Items_Images/a19879cf.Image.163903.jpg,TO_CONFIRM,TO_CONFIRM,0.0,TO_CONFIRM,Chocolate,TO_CONFIRM,24.0,no
27c8f623,27c8f623,Bounty Wafer roll,,Items_Images/27c8f623.Image.163946.jpg,TO_CONFIRM,TO_CONFIRM,0.0,TO_CONFIRM,Chocolate,TO_CONFIRM,24.0,no
02d86a9b,02d86a9b,Twix wafer roll,,Items_Images/02d86a9b.Image.164005.jpg,TO_CONFIRM,TO_CONFIRM,0.0,TO_CONFIRM,Chocolate,TO_CONFIRM,24.0,no
57a5617b,57a5617b,Mirinda orange,,Items_Images/57a5617b.Image.165309.jpg,TO_CONFIRM,TO_CONFIRM,0.0,TO_CONFIRM,TO_CONFIRM,TO_CONFIRM,TO_CONFIRM,no
bb4d1bd1,bb4d1bd1,Snickers wafer roll,,Items_Images/bb4d1bd1.Image.165314.jpg,TO_CONFIRM,TO_CONFIRM,0.0,TO_CONFIRM,Chocolate,TO_CONFIRM,24.0,no
406a1fee,406a1fee,Mirinda Bitter Soda,,Items_Images/406a1fee.Image.171214.jpg,TO_CONFIRM,TO_CONFIRM,0.0,TO_CONFIRM,TO_CONFIRM,TO_CONFIRM,TO_CONFIRM,no
561399a6,561399a6,Yupi,,Items_Images/561399a6.Image.173725.jpg,TO_CONFIRM,TO_CONFIRM,0.0,TO_CONFIRM,TO_CONFIRM,TO_CONFIRM,TO_CONFIRM,no
e9e2a383,e9e2a383,Be happy,,Items_Images/e9e2a383.Image.170336.jpg,5.0,TO_CONFIRM,5.0,TO_CONFIRM,TO_CONFIRM,TO_CONFIRM,TO_CONFIRM,no
8ed00567,8ed00567,BEM&Bo,,Items_Images/8ed00567.Image.180908.jpg,TO_CONFIRM,TO_CONFIRM,0.0,1.0,TO_CONFIRM,TO_CONFIRM,12.0,no
220a28b9,220a28b9,Milka,,Items_Images/220a28b9.Image.122356.jpg,TO_CONFIRM,TO_CONFIRM,0.0,TO_CONFIRM,TO_CONFIRM,TO_CONFIRM,TO_CONFIRM,no
f998044c,f998044c,Kinder schokolade,,Items_Images/f998044c.Image.122404.jpg,TO_CONFIRM,TO_CONFIRM,0.0,TO_CONFIRM,TO_CONFIRM,TO_CONFIRM,TO_CONFIRM,no
70bdbe11,70bdbe11,Schweppes pineapple,,Items_Images/70bdbe11.Image.185624.jpg,TO_CONFIRM,TO_CONFIRM,0.0,TO_CONFIRM,TO_CONFIRM,TO_CONFIRM,24.0,no
eda833ca,eda833ca,Mr crunch normal,,Items_Images/eda833ca.Image.175706.jpg,TO_CONFIRM,TO_CONFIRM,0.0,TO_CONFIRM,Tiger,TO_CONFIRM,18.0,no
951a092f,951a092f,Daddy chips,,Items_Images/951a092f.Image.181907.jpg,TO_CONFIRM,TO_CONFIRM,0.0,TO_CONFIRM,TO_CONFIRM,TO_CONFIRM,15.0,no
6c787857,6c787857,Minicco,,Items_Images/6c787857.Image.150737.jpg,TO_CONFIRM,TO_CONFIRM,0.0,TO_CONFIRM,TO_CONFIRM,TO_CONFIRM,24.0,no
7221daf3,7221daf3,Milka,,Items_Images/7221daf3.Image.215201.jpg,TO_CONFIRM,TO_CONFIRM,0.0,TO_CONFIRM,TO_CONFIRM,TO_CONFIRM,0.0,no
c22010ef,c22010ef,Doritos ketchup jalapeno,,Items_Images/c22010ef.Image.063449.jpg,5.0,TO_CONFIRM,5.0,TO_CONFIRM,Doritos,TO_CONFIRM,15.0,no
